S,Channel,0,1,2,3
0,0,,,,
0,1,0.03436276021213531,0.032654495789687314,0.00903591794066581,0.016585188723705846
0,2,,,,
0,3,,,,
0,4,-0.0037700576341652206,0.0014326798750091065,-0.00022049507743091438,0.008134033132035264
0,5,0.010625020945297716,0.014532697287127867,0.0012835549279982426,0.024633431319395757
0,6,0.03270494560467416,0.023275758510735052,0.01705440884278459,0.02391124553768566
0,7,0.008986224004148433,0.01800153800306966,0.0011805754388389477,0.020829108633554066
0,8,0.0015484045718232077,-0.0040917231652085615,-0.0014337780730802226,0.004679720760746297
0,9,0.0030958986982537588,0.011651760366541912,0.001126417306215102,0.019611937532069898
0,10,0.020420769645509578,0.03802484236146265,0.021623587821572043,0.04137244763348292
0,11,0.022081808071604037,0.029836467623257926,0.015973973655229352,0.038125443497082086
0,12,-0.003621729476238013,-0.0009190093006554269,-0.00030542668927664723,-0.002034515567303696
0,13,-0.00878722850262539,-0.0026195677937047844,-0.00318119118062151,-0.003354893896879052
0,14,0.015041086356252025,0.032745826562508025,0.006284677758672429,0.03009816811429046
0,15,0.013872094133649093,0.009650371396853274,0.011822744427042012,0.0050017280723425595
0,16,0.001912815318168694,0.004368233768701499,0.0017123475021030828,0.0009461010846349812
0,17,0.009661132583162672,0.014125501335154814,0.006469682292485828,0.01760325214204858
0,18,0.008139220975112068,0.009338229804042123,0.0032939582229844556,0.013078417793108373
0,19,0.00958252551871079,-0.0010684090549259694,-0.008788878698748802,0.008573867857252941
0,20,0.001490835423135714,0.004883502492816304,0.001069917051608809,0.004388775983254597
0,21,-0.002675283145276185,0.004272819209431091,-0.0012254942931395623,-0.0036271519969891665
0,22,0.008870736117831493,0.0043952810043606655,-0.010861668252640967,0.0008897664272086501
0,23,0.008724120731180162,-0.020162835825300755,-0.023468509430668676,-0.005314289713804636
0,24,0.009169228290167437,-0.0024238013123965237,-0.024765152624337525,0.00961792272601101
0,25,0.002048541284594844,0.0028559946221801405,-0.008379351059467438,0.006341516468787496
0,26,0.014545731743354714,-0.05199227004682294,-0.05394917374794053,-0.033182584110061315
0,27,0.008412194541594897,-0.04573868862782177,-0.04331908903820274,-0.033311514174479646
0,28,0.01896745136618729,0.026073732940135593,0.009074587318173203,0.015009099600216467
0,29,0.010590539251336491,0.014668776276809813,-0.003543996415701642,0.012409973280717865
0,30,,,,
0,31,0.011502243283995038,0.009425267267191315,-0.006160401586573725,0.025277763402633498
0,32,0.012824756795603154,0.010826538353468383,-0.0012593830643763079,0.03334987468470742
0,33,0.004261267657339795,0.008624000882892972,-0.0037501254438890162,0.010619829889750102
0,34,,,,
0,35,0.008089524958057375,0.0021677999094937028,-0.011710251708275044,0.013872432247257442
0,36,,,,
0,37,0.015898024280813803,0.013741074530864648,-0.01177877371194105,0.02232635367947353
0,38,,,,
0,39,,,,
0,40,,,,
0,41,,,,
0,42,0.008792711926872122,0.005176091809902145,-0.00901882340813492,0.010547376129642336
0,43,,,,
0,44,0.0012996894767721681,0.0025259416295948366,-0.008534565280571348,0.006038996394773922
0,45,,,,
0,46,,,,
0,47,,,,
0,48,,,,
0,49,0.0023689757823189285,0.011084347372957552,-0.008421246585811826,0.00273965435902053
0,50,0.0017533604187518076,0.0007187211640668266,-0.010608306514735315,-0.005150323508006579
0,51,0.002836925543384661,-0.00021695700284459006,-0.009179631981468735,-0.010767715512641808
0,52,,,,
0,53,,,,
0,54,,,,
0,55,,,,
0,56,,,,
0,57,0.004692557845743494,0.00996270670372585,-0.0010210131545441044,0.003951598042277618
0,58,,,,
0,59,0.0006607930374611339,-0.0004692779885386917,-0.0025126409878437634,0.0038498229807656863
0,60,,,,
0,61,-0.002951415126813958,-0.008270037770838682,-0.013746410920492141,0.003936160843836743
0,62,-0.00025580567617670486,-0.0025402314637438974,-0.00014969942444384874,-0.0005861503526527662
0,63,,,,
0,64,0.00011880945771432997,0.004982611609666894,-0.00722931539833309,0.007407431313082099
0,65,,,,
0,66,0.0016392419901776162,-0.0032985426209116166,-0.007477807232306176,0.0076746476216460495
0,67,0.005475139275279151,0.0007373421190889026,-0.005710406249898903,0.013382087587581325
0,68,-0.003907374060608612,-0.002524968665077679,-0.015131957538570514,0.005157619101902856
0,69,,,,
0,70,0.002919942814856543,0.0006686079736342548,-0.0002640312595503063,0.01056673528107425
0,71,0.0004439746543107412,0.0024228175954042063,0.0006877166856941576,0.001044524617101325
0,72,0.004367834372570487,-0.012957998359022576,-0.0051704193009173465,0.019211992295609187
0,73,,,,
0,74,0.006938243168630036,0.00519876964599157,-0.007808306907925628,0.022794456189164033
0,75,0.0064132201799532145,0.0063870647873486815,-0.004468219855078315,0.020159138355956063
0,76,0.0429557823865413,-0.02014156611831625,-0.013843226927919406,0.007851666215972962
0,77,0.03114345280550581,0.0041483249660504845,-0.005966336474780538,0.026100294582444877
0,78,,,,
0,79,-0.0003108206342720038,0.005707300104062634,-0.002850654157680565,0.016554700228827532
0,80,,,,
0,81,0.014399907894321523,0.0031054174864549528,-0.00031169906112560867,0.023702461012970626
0,82,0.004399966338484631,0.001225310420818384,-0.005566112776037149,0.004602568710202554
0,83,,,,
0,84,-0.010204931681075405,-0.0009576007078051513,-0.0064197522414195215,0.012285837238545542
0,85,0.008457096385062327,0.009822230098526343,0.00010840533835594362,0.020953704138686365
0,86,0.06417485684954258,0.05316046936528831,0.032346405680210334,0.08443014955685033
0,87,0.054039333461812625,0.035880935571389855,0.013412602645366475,0.07650476568124286
0,88,0.05210431690081497,0.03237734102773973,0.012529694958822916,0.06817510189905351
0,89,0.04840545481176243,0.043807833569540544,0.01420332949969727,0.05691075241905331
0,90,0.03722836086124374,0.05322213639243918,0.012605054236210918,0.04918111727585588
0,91,0.013555511595329047,0.021982521850687133,-0.00029700536457244074,0.020251338332347376
0,92,0.012293107563961642,0.013608802758950577,-0.006841798387244362,0.016559295169748568
0,93,0.016477630595682833,0.015449883048590683,-0.007535408325747176,0.022705569179379107
0,94,,,,
0,95,0.005263004059563511,0.00334811857250149,-0.00572050703087669,0.009672419714644638
0,96,-0.0023076015533204553,-0.0028297380171766954,-0.00836530207675842,0.018130096746308534
1,0,-0.030896156985493344,-0.002072567716469358,0.03961471976265356,0.0462703813297051
1,1,0.0017870546035395304,0.006704214234338881,-0.0013962835095918493,0.007571933645754209
1,2,-0.01085859358789613,-0.0015750933626850938,-0.0056064455829250275,-0.0037699357479784334
1,3,0.008758210027988296,0.004303286004042685,-0.0036759469787210983,0.009331799794591462
1,4,0.016629313429953597,-0.002108165463438053,-0.010760778492684355,0.008106503738941713
1,5,-0.01400248341741732,0.013146539180800384,-0.011314275383176952,-0.009845011981513697
1,6,0.0030134593135858543,0.0038390995022220898,-0.004220946044851546,0.0041481243972164876
1,7,0.007580728988979961,-0.00022364593279131486,-0.00961454333548868,0.011238158203888028
1,8,0.015018732876262696,-0.001017907910834038,-0.013395298894922398,0.019320503892845415
1,9,0.0125493993230086,0.0018095104930011573,-0.006550567979183366,0.007489316477207932
1,10,0.0074697090772409885,-0.0060623124953129714,-0.0037634851259830916,0.010392079173221784
1,11,0.0009855479202351101,0.0014910162453077988,0.0023800482726273925,0.01775476818599189
1,12,0.0010241216808372596,-0.0034010998860789067,-0.0006947578240151805,0.013831484740028177
1,13,0.005477320631057817,-0.00023792784749969632,-0.0044595407630025905,0.010531230895613839
1,14,-0.008759671291505232,-0.0006825939434571753,-0.006672866997572094,0.007868966482088385
1,15,-0.0015542010294935004,0.01320189489855938,-0.01029408316078536,0.011773465134273178
1,16,-0.0022434527460704337,0.004176106547249711,-0.004492117407017089,0.011050099702244525
1,17,-0.0012609727655327222,0.008564883788760004,-0.0063396278735168825,0.010992516305005856
1,18,0.00392863006590188,0.009868143931526406,-0.0012664958961533474,0.004644969119413668
1,19,0.009558228241093005,0.013206126132042537,-0.0005621832516512269,0.010154569296611106
1,20,-0.003361335725694781,-0.001318583494187927,-0.0021083191167131517,0.0011016505796770976
1,21,0.0028561197057169465,0.005154064880811541,-0.0008435366118542448,0.009871152977362732
1,22,0.0015407041729885542,0.003260631915143105,-0.008337836074842226,-0.0069272691068226686
1,23,0.006680539437179015,0.003679115752637991,0.008745902291547484,0.004010277453190807
1,24,0.0015144319089531624,0.0027708122301997665,-0.0019875155825238014,-0.007835514463025453
1,25,-0.02572939285571723,-0.008415648829459542,-0.000670290184776967,-0.010523489948986222
1,26,-0.06223708396853207,-0.03291208271930326,0.011122286652349685,0.03853604211935771
1,27,-0.05920773655896518,-0.0010478508741558429,0.0037506147174313545,0.031171229156828024
1,28,-0.01669083445786462,0.007763602117539282,1.1208651273327538e-05,0.01815720577730365
1,29,-0.026584247930036345,0.024168671330070272,-0.011833942062390865,0.014352400575220704
1,30,,,,
1,31,-0.010508081758372607,0.0006074925025646727,-0.011095190902780126,-0.008721700402961113
1,32,-0.04082621150647634,0.013061013177174213,0.0010832527605755345,-0.037896174956421044
1,33,0.0007982757508371832,0.03503372713791194,-0.005894547973053459,-5.172145905534892e-05
1,34,0.0045141070646716455,0.014704121658230677,-0.022564240991491135,-0.004066264373037
1,35,-0.0066802229504279486,0.00547480035665338,-0.0234311226562785,-0.012131220927502392
1,36,-0.28444049032683383,0.06062685912393408,0.12996834712089164,-0.06929831292296693
1,37,0.012637716548004475,0.0038602980759639316,-0.014390545814199017,-0.0015727972915740142
1,38,,,,
1,39,0.014299981185447305,0.005958415450562787,0.010475197788259333,0.01768154909742837
1,40,-0.003905387385496953,0.012603292357033271,0.0051413593711447485,0.015509791747300475
1,41,-0.01287308196210235,0.008941410761987515,-0.013592530356453697,-0.002257822058004085
1,42,0.0027044378840575247,0.022236758066576948,-0.004521389260273532,-0.001493457725242012
1,43,,,,
1,44,0.011311317022385015,0.010690880320700157,0.010866097986124998,0.01260898346829924
1,45,,,,
1,46,,,,
1,47,0.02771109393939394,0.002343443940743824,-0.006568592448608353,0.0161253197231609
1,48,0.0008754823190052998,-0.005087179745019181,-0.0011417611514991067,0.007266333144522772
1,49,0.003429183008969623,0.01306439538837141,0.008687225635662658,0.007005935713148207
1,50,-0.008612914285908846,0.0071974950165743685,-0.0008317476139981369,-0.0004555917991694584
1,51,0.0016094070270119185,0.010902374302920867,0.001948502637347776,-0.0004638552975995616
1,52,,,,
1,53,,,,
1,54,0.0035330788211111065,0.00664920761129454,-0.004631482710152875,0.008119436015490197
1,55,0.002359525348205059,-0.002243977511225342,-0.013802533743592178,0.0024867638648806774
1,56,,,,
1,57,0.0016770517328040903,0.0068687025216623825,-0.004414117983257926,-0.001390445367313609
1,58,-0.0003440528181884479,0.012042938866744545,-0.0012758259680892535,-0.00035189522240711125
1,59,0.011166180997577376,0.012881326725454672,0.006110383039013588,0.007893663823902951
1,60,,,,
1,61,0.006413957438731635,0.026727532721787104,0.001544075967525537,0.011006026044547982
1,62,,,,
1,63,,,,
1,64,0.007592991389909331,6.484319231984283e-05,0.00694606170038901,0.02372451119009628
1,65,0.005508070528529281,0.008598481656135812,0.0003598631516921451,-0.003754808769871839
1,66,0.011631828472990076,0.02547808515490826,0.0015045985027762074,0.008831271852547746
1,67,,,,
1,68,-0.009232265772292874,0.004028858562556445,-0.008458001510839799,-0.020280695720523653
1,69,,,,
1,70,,,,
1,71,-0.08467529582750409,-0.04226639445684343,-0.05295032435888233,-0.04040649586881839
1,72,-0.038511148198895416,-0.006748916168708583,-0.006212441081379738,0.02894486169713827
1,73,,,,
1,74,0.009052819075485993,0.033399938889412964,0.008865211905093465,0.0035147934808108863
1,75,0.033536186059563475,0.031362720812436524,0.01673476383927467,-0.004020314634195851
1,76,-0.03372094623345717,-0.0006722406557622379,0.019998463346715206,0.02458082192821665
1,77,-0.027938367287840386,0.016721956395470035,0.012769663451420213,0.04279408923726001
1,78,-0.025104256399739202,0.028854629269129344,-0.01660393525453444,0.010430482826034362
1,79,,,,
1,80,-0.011819583781545835,0.04531264267027647,0.00980099667897416,0.019619485939407516
1,81,-0.01332409725883076,0.029210839763931015,0.011374964260001397,0.02200710986855203
1,82,0.000814907323785448,0.029124156549362484,0.002117873792006823,0.017134376244807084
1,83,-0.0003300533131611975,0.028158210709395358,0.0026556614851605364,0.006105850040813334
1,84,-0.0017705575480519678,0.014857341057465516,0.0033336995080292396,0.008622823531230355
1,85,0.0054352187957656724,0.02278394478083582,0.00260324138217592,0.009001037144738239
1,86,0.0022784974456849173,0.052413324643808344,0.01669406558822183,0.033007837799317506
1,87,-0.010939598337564894,0.041044983677131434,0.021812700225638755,0.023992230202333695
1,88,-0.019674861898489437,0.049027273894092484,0.028239379345545178,0.026363535643281512
1,89,-0.013158337163101394,0.03356362738395994,0.021270329313399745,0.017251226332717303
1,90,-0.007676747821822561,0.02568991337633554,0.0194816796471445,0.01889728827644302
1,91,-0.006567583961439143,0.013285148744843692,0.004769682471456576,0.008996830937714905
1,92,0.000423005805410924,0.009456443773940316,-0.002092537954122879,-0.00038346957886875745
1,93,-0.00548188834027611,0.0033122503201574527,-0.01466151553853794,0.004492085663766009
1,94,-0.03073361827642174,0.01996002734328128,0.010608438691213414,0.006740861526430351
1,95,-0.015324840782445583,0.007327150783186506,-0.010345312002080075,-0.00037832340871575055
1,96,-0.04765331960319642,0.0318740688232228,-0.0043388910259868985,0.004843415883926857
2,0,-0.048991405899909926,-0.02264173008131862,0.003037705250403113,-0.053527805984017615
2,1,0.0024402848938742663,0.005838859861498214,0.031317827273535076,0.0027501932121586086
2,2,-0.03861569284950102,-0.008442848121961506,-0.01117439822971076,0.0015116991614188772
2,3,0.0028804662246218735,-0.0048636275170407944,-0.0065269493377103395,0.0037695878815375413
2,4,0.008213934748548778,0.007475665653779174,0.004050616456879422,0.01229257148904501
2,5,0.0013973083847259185,0.009787773198300384,0.0014808683826750312,0.0038104803972389364
2,6,0.00039731545629561303,-0.003511438645554204,-0.0006912611386682506,-0.003525671309041694
2,7,,,,
2,8,0.02775084951518542,0.05996732987633671,0.05894089151615451,0.06341450499290036
2,9,0.007010031967106102,0.012285478141081831,0.015930678076384232,0.01692727730040506
2,10,,,,
2,11,-0.006246838845088219,-0.0018659840714613863,-0.000323008983222483,0.0011168187358482776
2,12,0.0004812388359847222,0.010081225733273542,0.0050619652120364985,0.005531826177163226
2,13,0.0012647625063053392,0.01160889830038872,0.007587283460111473,0.008662728181970584
2,14,0.008992644083356776,0.009025123320578138,0.010557984732093057,0.011702167364771573
2,15,,,,
2,16,0.0003381958447473805,0.005811706156512623,0.0068493932492051,0.004936218465328394
2,17,0.005622042360477664,0.009434355185412911,0.011381217674227898,0.012580680469210197
2,18,0.011500712331734058,0.014378715663028003,0.01381421835356209,0.014363379225246694
2,19,0.009100897803638498,-0.0015653791622868855,-0.0031929496622156105,-0.005010615438467001
2,20,0.00897150293209917,0.017037340262390916,0.01906692996433856,0.02815391880267376
2,21,0.006470096701698062,0.026231455990009107,0.023197364359388222,0.03215980633260006
2,22,-0.015056527907043362,-0.03129963686342141,-0.028472956485385184,-0.03039910779101909
2,23,-0.027823794112515614,-0.016948699468038918,-0.023560463620205536,-0.017476523412451164
2,24,-0.018942458405765476,-0.019330163422624766,-0.018808598544864823,-0.010164620914109983
2,25,0.003132420073854327,0.00440014218227269,0.011346915050582138,0.022130875314938788
2,26,-0.014920559774531121,-0.006966514807910757,-0.011492103506792112,-0.0031096075543851185
2,27,-0.0148722249021086,-0.0033529899920682294,-0.009617836175877456,0.005794737811471319
2,28,0.006866738653874679,0.011488143000042632,0.02009069978912613,0.0024434686899481813
2,29,,,,
2,30,,,,
2,31,0.002820751558272249,0.030429696546134248,0.021822064304023465,0.012733756718436995
2,32,-0.012653959446356765,-0.014682503206583446,-0.02139204101783481,-0.0234447829430828
2,33,,,,
2,34,0.03097864847630943,0.019766275725727495,0.028654383475275033,0.015136037698164495
2,35,-0.0073874699971055195,0.011058347014043983,0.01692813518631535,-0.005014985712294048
2,36,-0.0033318325482340322,6.640575443843353e-05,0.008309377723187985,-0.007965226704795575
2,37,-0.01542836429447502,-0.005751242802423919,0.002768855960037383,-0.0080787072256372
2,38,,,,
2,39,0.004145050276621696,0.045210659457791125,0.03217109722668767,0.04566071923036414
2,40,0.022747158394967305,0.023676548127593258,0.0231380739320276,0.034206488956913396
2,41,0.02759031165733047,0.014504467152923676,0.015105074820446533,0.01859688039781705
2,42,,,,
2,43,,,,
2,44,-0.015610830230015721,-0.0074510903318975525,-0.004196570039596232,0.0007871404742375487
2,45,,,,
2,46,,,,
2,47,0.023878655637328924,0.04416526631030185,0.041824516288231084,0.05518666373521235
2,48,0.0029874822351646626,0.020956985615678606,0.01998109782921033,0.017125117967927154
2,49,0.002550730479366993,0.007579874972697141,0.008379227614586385,0.013059603842939669
2,50,-0.00969403800791086,-0.0002231257375516434,0.0012837746955306278,0.0026112191759346155
2,51,0.0010325222080963482,0.015027722996549255,0.014803496262120566,0.021587810453633265
2,52,,,,
2,53,,,,
2,54,-0.0033039652736161773,0.009368163451297769,0.010073166770380577,0.018143560227689984
2,55,,,,
2,56,,,,
2,57,0.004518677144392511,0.012668813034938735,0.014697917637422902,0.020739293746417153
2,58,0.0037952055029907474,0.007138618037765263,0.001974928307194722,0.0006050199914215879
2,59,-0.0031819410829960863,0.004445629305765765,0.00015482119168236407,0.003223435058013742
2,60,,,,
2,61,0.010568868723250566,0.00649821178924289,0.011974062745981874,0.02099482997208777
2,62,,,,
2,63,,,,
2,64,-0.017357858393628283,0.013534749006570456,0.0034596234400861166,0.020675169656567214
2,65,-0.010984815854369744,-0.005370903111838646,-0.008879022677266788,-0.001721387464666472
2,66,,,,
2,67,-0.00514342237187377,-0.007268678049639742,-0.0014426476090464695,-0.015699202105183652
2,68,0.021562894194323744,-0.011591509545631047,-0.004643800494138196,-0.0006951147583498311
2,69,,,,
2,70,,,,
2,71,,,,
2,72,-0.030715623467266757,0.010351793569227191,0.004083141365658028,-0.009409161985123477
2,73,,,,
2,74,,,,
2,75,0.03371367908830084,0.016411599954215893,0.03328938054481729,0.0068422514727826
2,76,-0.021948405943483677,0.011222027479955508,0.019221460395780106,0.008995214641735996
2,77,0.014544665120590435,0.03058226756932996,0.033383662999091096,0.03297333592625355
2,78,0.013012614635434244,0.039159655824568894,0.014444649822451229,0.01958556502691963
2,79,0.0001012294093000142,0.00364912252295072,0.014460935776098815,-0.004685073332707231
2,80,-0.004118002154146768,0.00659635034364937,-0.0012484071902993284,0.006458804920346709
2,81,0.014707456302560568,-0.0036007318332978394,-0.004131369169850885,-0.010067219175478667
2,82,0.03847322651237052,0.00013282810374713196,0.02018248821665508,0.010092929416761827
2,83,,,,
2,84,-0.005107061006195173,-0.0011603504814908963,0.013853816910934487,-0.013212601921581623
2,85,0.0030685022155964624,0.004419376739444018,0.008316407723323664,0.0005587760975180016
2,86,,,,
2,87,0.023651763575006014,0.03333755687348504,0.029291413542411212,0.025544291738493916
2,88,0.009932510039009378,0.019663983534574582,0.016983411437362175,0.01244531126330285
2,89,0.03865333495511788,0.048992904437156246,0.04707956086213132,0.04791750733700116
2,90,0.03129415462656866,0.03106809817213653,0.044694417622704215,0.0477052626425972
2,91,0.01968507294356168,0.021229381308750198,0.026500513265735607,0.03229034548446242
2,92,0.03409466396254284,0.024948681577278913,0.042685493998476584,0.04409530956022509
2,93,0.046966499887357654,0.02190624217768012,0.05142188195481393,0.04449131881021852
2,94,,,,
2,95,0.02283848687289209,0.015594960601021682,0.02289639879921891,0.023205976412744356
2,96,-0.0014051138031389622,0.011536992501963224,0.021801718761668233,0.004697151758897247
3,0,-0.017047577885996673,-0.038180014685470096,-0.0038027498366174782,0.014272247796773089
3,1,0.008370352519148118,-0.027232329483273664,0.0029904594655193566,0.008461449223000165
3,2,-0.001360185762476835,-0.024464843122282875,0.004533247829350049,-0.00965705754406114
3,3,-0.023915904137986704,-0.009572201701305726,-0.012649453159144218,-0.012926576952484463
3,4,0.0070925806300941715,0.02651622480606609,0.003483432701018864,0.012232879840915036
3,5,0.003777228949767068,0.008361127427975413,-0.002480472386151473,-0.010419687388713635
3,6,-0.009896758310112545,-0.005094490296319396,-0.0025853019335116143,-0.008170662505539434
3,7,-0.002441206460360644,-0.004981184500401566,-0.004445440109980539,-0.0010378807009264752
3,8,0.008272641171223803,0.009678298297424838,7.042809404387447e-06,0.02099755887170801
3,9,0.003979813820394364,0.009417079741068425,0.0034608244925920734,0.012444316468831075
3,10,-0.006137543344586202,-0.0023296718198320574,-0.0030621967196863267,-0.0011070479299837737
3,11,0.01829548780024832,0.02267116896133058,0.030110509626915857,0.028355888388764953
3,12,0.0002732282327184324,0.00812341114608865,0.0047971536993632585,0.007386361623454704
3,13,-0.010086407281301682,-0.0040319478883825,-0.005691159543970517,-0.0025421317799271537
3,14,0.0025492066416272254,0.006298196292735658,0.005767993445266458,0.007847922353762379
3,15,0.00028174409396063924,0.00750441518818463,0.008053737703620488,0.010608842601752029
3,16,-0.010127192653223966,-0.0005778702804621823,-0.0030523699145656286,-0.002470190740364925
3,17,-0.007956307468905447,-0.001386022474346944,0.00014350064378850725,0.002317893042999999
3,18,0.007312361204681876,0.0028719705858681784,0.006894947225550674,0.0055550861062330075
3,19,0.0026083777824903688,0.007746930472701219,0.004091603094716176,0.007416144647128979
3,20,-0.0027606998602016843,0.005887951797998334,0.003257492379318818,0.007060546967727043
3,21,-0.000584447255922533,-0.004311505351124481,0.0030008702986798674,0.008786621442848362
3,22,0.006387928878585785,0.005755809577622952,0.004270684547276482,0.0071320426046662805
3,23,-0.013618831558758034,-0.03314656366566409,0.015238890399518855,-0.004534269497178196
3,24,0.008531945784187431,0.007880617548198654,0.02849643883478993,0.021165866198332644
3,25,0.0017234017465668121,0.009550264007524675,0.008376546824649897,0.017799920542294588
3,26,-0.013531159090911486,-0.036896605005148166,0.005560545243891434,-0.008614949077329227
3,27,-0.011117904580284685,-0.020399977680043493,0.008338284907622758,0.005045271951595078
3,28,0.010219337111705482,-0.007041109749942802,-0.0010139075730164204,0.002622510160085188
3,29,0.010236557148485455,0.0006629726147508924,0.006232399085812271,5.8541008734980425e-05
3,30,-0.002729437717870921,-0.010151627174042197,-0.0017091937513352773,-0.00796299776749912
3,31,0.014950400329360299,0.015934591485051337,0.011859641381716872,-0.00032283851429637864
3,32,-0.022061850781208404,0.03732925915197783,0.01566297991551481,0.003728634443015086
3,33,0.0056371987219493505,-0.003812535185483061,0.00010207119322398535,-0.004814899697659712
3,34,0.0058946750273533265,0.003993181214740329,-0.008177330330681735,-0.004370262603347732
3,35,0.01648087949378138,0.02284679351024005,0.009201597513935572,-0.0045306933544983635
3,36,0.019432683211349076,0.02191418110234271,0.008645015919192249,0.010113880702125818
3,37,0.005579607089753471,0.008480405664248148,-0.004484407506346663,-0.006949034024594687
3,38,,,,
3,39,,,,
3,40,-0.005213725925809758,0.0026200008494764726,-0.0008735370441555581,-0.00531105576778069
3,41,,,,
3,42,0.0011016892755981867,-0.0011010261205978427,0.0010341299828319451,0.002229249996545501
3,43,,,,
3,44,-0.0004415933142830504,-0.00248743916905515,-0.0012566606753317878,-0.013473566985152131
3,45,,,,
3,46,,,,
3,47,,,,
3,48,-0.0034266996724472564,0.0020378114177677753,-0.00870134968890313,0.00419089580779601
3,49,0.004073030955504285,-0.0011129189694562332,-0.0006482639418733298,-0.003436811323505816
3,50,0.0009888549013132993,0.006034074307581205,0.0035811528188804376,-0.005017302382819579
3,51,0.010582843131607756,0.008893952318163607,0.007778659957098963,0.016465973721409153
3,52,,,,
3,53,,,,
3,54,-0.018418723124364808,-0.00012150556419912984,-0.006741963880532271,-0.00048411302527278294
3,55,-0.009610877660554684,0.007354827790871771,0.002572623264401466,0.012314105243228486
3,56,,,,
3,57,-0.005867433153047938,0.0017734933198388896,0.008518822767060431,0.0016315102290710318
3,58,-0.012148770450772976,-0.005204058398974231,-0.0011143875510245223,-0.009010047298252515
3,59,-0.0026493003324259967,0.0018311300053770266,0.00022440269651647382,0.00122441053181623
3,60,,,,
3,61,-0.0033806922736862957,0.022083678424278688,0.0015556945778117815,0.027436025257153454
3,62,-0.015391350849674959,0.023419074564310523,0.008085543414113956,0.012071614447818959
3,63,,,,
3,64,0.0013428078580406833,0.026447460429717993,0.012893359396978872,0.009712094326111234
3,65,-0.005316439244300394,0.012193373995643237,0.0011322168516843135,0.006532075076424129
3,66,-0.001343873107132392,0.016969766872983127,0.014829743856010215,-0.0011984606644596882
3,67,-0.008508641106899027,2.369571185424141e-05,-0.009018734225646547,-0.005923399722818264
3,68,0.01627839297622411,0.03792807729491451,0.003942507820608138,0.029560036876825836
3,69,,,,
3,70,0.014866730033129678,0.024559942365896294,0.0031759859946677506,0.011884663074292444
3,71,-0.016791211768572453,0.11055387585704589,-0.019972383499664757,-0.08198388855495795
3,72,0.025993223557925896,0.015415804513696526,0.017283864628620905,0.017455798570035225
3,73,,,,
3,74,,,,
3,75,0.009029312893374521,0.012390976156112466,-0.0037300385620452833,-0.00025905856660461685
3,76,-0.0009206784454017098,-0.009635204016163882,0.014720934317696584,0.020031815192847892
3,77,0.00402830864398485,-0.018877321862091588,0.009289744278423254,-0.0017453288060675102
3,78,0.013110011138677784,0.01896253609613879,-0.0018623666553037061,0.006300594911063193
3,79,,,,
3,80,0.011543503826558447,-0.004364743904639446,0.007118791320576352,-0.0030578913776578304
3,81,0.01063750604074298,0.00036907091854942114,0.016149906861212655,0.0006068556473090432
3,82,0.01411071623026943,0.003705799733119145,0.01723663702163541,0.0037433100836899557
3,83,,,,
3,84,0.0256486333911008,0.009808593237808754,-0.0043501958842008205,-0.008378569538273126
3,85,0.00022260137646589628,0.006045739233391978,-0.002798391054557308,-0.005230825098122828
3,86,0.019302750150680222,0.00197656009958146,0.017660605070321696,0.00934384724692245
3,87,0.008548634141477737,0.0017411118929587864,0.013065571447536997,0.007111631215525952
3,88,0.008369723563537693,-0.000373831349403584,0.015565333569757273,0.011301889380049945
3,89,0.011490128696813425,0.003286714523937238,0.016479901831280504,0.00921853185040676
3,90,0.010331970636976277,0.005607625124126057,0.018321695164776705,0.007430400006136788
3,91,0.013607652431322517,0.006223116953508786,0.018175581519818296,0.011141139872804965
3,92,0.019351449525436545,0.00970741389686892,0.027810444392049157,0.023386451084765544
3,93,0.02102097184016051,0.0011325994217947924,0.02485436439005285,0.006220583447326436
3,94,,,,
3,95,0.015320044515626886,0.008850571498828548,0.013392743092441409,0.005110862941365467
3,96,0.02387391696626144,0.008589644352746272,0.004903247549313299,-0.007287041370700444
4,0,-0.004837798220042008,-0.0006840682022351054,0.0005208196905762736,0.01395279336475195
4,1,-0.010099203362059354,-0.005386750275620133,-0.006150473031438332,0.014564656687222816
4,2,-0.01481844021978845,-0.0026010650890004442,0.0030571715925636843,0.007028513830106623
4,3,,,,
4,4,,,,
4,5,-0.013188147445131622,-0.005888784501999525,-0.0012981584342805874,0.0035984239042941924
4,6,-0.0010116390196963077,0.0030223360139065045,0.0027100180804391963,0.00020315159097466013
4,7,-0.00865195341734981,0.006364683846226565,-0.0028469946049347996,-0.009481049458086428
4,8,,,,
4,9,-0.0003204704556605925,0.0013842152747669883,0.004404604915770442,7.132784292249769e-05
4,10,-0.005252586022210734,-0.0017381272780461023,0.0017724146176277748,-0.0074950283872445055
4,11,0.00852215069664262,0.02266855556812213,0.008905076894682716,0.010207880208908754
4,12,-0.006818337427473149,0.01111141113108832,0.003645317947954052,0.0002522408723956528
4,13,-0.015314124315747068,-0.020908965935656068,-0.012612710133661349,-0.025344091367237705
4,14,-0.0028268134603408553,0.008612513596366932,-0.0021868780513356056,-0.0010899765504196394
4,15,-0.0017745010014515177,0.009301800263477596,0.0011112371359329695,0.005587651700588858
4,16,-0.0028781172392467066,0.009542154781595112,0.0028835181266177934,-0.00033411923747924673
4,17,-0.0007324406922974194,0.007419066173397779,0.0017936238823496185,-0.0005306542218200592
4,18,-0.0035338193780326556,0.003575164609902986,0.003633303668139559,0.0003354998830841137
4,19,-0.003809228002774119,0.008994474578654788,0.006272221372165784,-0.0028907802711229834
4,20,-0.004820582389833936,0.002831718552510314,0.0017733288066897885,-0.0006993483959503015
4,21,-0.0038578701057514304,0.014354198982529494,-0.001204089422411172,-0.0017317007027894485
4,22,-0.002820405958052323,0.00037427056013210547,-0.0021630217499678086,-0.0013954630609449153
4,23,-0.003036579484337822,-0.0009433070631245488,0.0075459643042001985,-0.007872514447604175
4,24,-0.0032269514997495838,-0.001188305380572072,5.68839439175999e-05,-0.008180438776968127
4,25,-0.00748776648745786,-0.000907040984700905,0.0004872460553516168,-0.002097774751420645
4,26,-0.0036634990718784842,-0.006193762103646702,0.008404580713498196,-0.00545098100847185
4,27,-0.00345095176820703,-0.016948768917028113,0.0020423245399558624,-0.013052006872265664
4,28,-0.0030651436407312924,-0.0009772406080081394,-0.00036287805836888185,0.007064149196379488
4,29,-0.01049456099173792,-0.0007097817625882836,-0.00383841159895116,-0.007904667791178547
4,30,-0.01552459865359536,-0.006227626097282378,-0.023966158064642598,0.010111269167532837
4,31,-0.032020275275894766,-0.007050537752668049,0.00149326379697637,-0.007583873918453608
4,32,-0.01384479237089711,-0.003434184242534132,-0.0026072199863490645,-0.007954361321747962
4,33,-0.016316093711680184,-0.010457795829997422,-0.018735818292115198,-0.006123839834464002
4,34,-0.017765506170020557,0.0026382518461410885,-0.006037710847299044,0.0019664658794704935
4,35,-0.027936721618573378,-0.0017396017607135765,-0.0038849968086729562,-0.000994876721245524
4,36,-0.022705638331595876,0.0031371954763429037,-0.004108046462633412,0.0020537170406046603
4,37,-0.0239278860482466,0.000397169494947549,-0.005888316554230475,-0.010064700679155535
4,38,,,,
4,39,-0.011280499233174073,0.002221230537216665,0.0053412334568141585,0.00358433307407072
4,40,-0.0173574264096252,0.003375288978181701,-0.0019154949478612858,-0.01530035551380933
4,41,,,,
4,42,-0.019217814579809193,0.005300124364954772,-0.003052408334138924,-0.009560095204997414
4,43,,,,
4,44,-0.011125498525022988,-0.007919460204899703,-0.0039465002397192925,-0.005209841577237312
4,45,,,,
4,46,,,,
4,47,,,,
4,48,0.00035466913800928494,0.013571764358796907,0.011195061740603047,-0.007568107492554479
4,49,-0.0047211043164038175,-0.005628889193815934,0.0008719745968372228,0.004323311560245856
4,50,0.002095871860440804,-0.00036557840685072496,0.0019501292940945988,0.001503972430159852
4,51,-0.008588659021362625,-0.00047097997274234333,-0.000741228109000099,-0.00872624137623215
4,52,,,,
4,53,,,,
4,54,-0.0032317846484761835,0.011839837541247645,0.00043926504875590284,-0.0061354310338624825
4,55,-0.0023456506067028138,0.002723061859811625,0.0038836270055141353,-0.002447522643772718
4,56,,,,
4,57,-0.0057334922915918615,0.005968249659362366,-0.0071735427394985125,0.002323060986870072
4,58,-0.0016726421811681022,0.007386304625081967,-0.0013802661044000043,0.0002681767526235429
4,59,-0.0044275702753435115,0.004317488845608859,0.0025151310279016162,-0.00338487905209241
4,60,,,,
4,61,-0.004991492477047868,0.0034010630249694434,0.003578173735751528,-0.0014130709747805783
4,62,-0.006591067408961816,0.002689718048071681,0.0006337358113461832,0.0005959236403228077
4,63,,,,
4,64,-0.014254005996705137,0.0007908362228765326,0.004347508095837767,0.0035147279383258437
4,65,-0.007191703863479271,-0.004650775810072659,-0.0024909264459269816,-0.006135059497790433
4,66,-0.017180677385480087,0.0007969356354984667,-0.00839811733131211,-0.021646873781185547
4,67,-0.015243071453816587,-0.005545571579345513,0.0024515797106689583,0.0030125126576456265
4,68,-0.022086764779187088,-0.005060436561122708,-0.0011702526554091992,-0.006056225080887009
4,69,,,,
4,70,-0.01614334660013828,-0.006129086727170244,-0.003952156985644554,-0.018353027648928072
4,71,0.01112338594371019,0.0030006966900770348,-0.004165562035632896,0.020949123043994152
4,72,-0.013194588086675355,-0.005450107059223633,0.007075595856116199,0.006695563900033551
4,73,,,,
4,74,,,,
4,75,-0.032461019798922824,-0.006187939718540565,-0.0052593551732755695,-0.011125961190283366
4,76,0.013883435163502635,-0.019246460144230777,0.0008381632957036509,-0.004896306861351278
4,77,0.00013140845125540643,-0.033940934687003155,-0.009595597160665633,-0.008302898155949987
4,78,-0.014053342639662859,-0.0008570524555860525,0.008302772010377902,-0.0026532041234931044
4,79,,,,
4,80,-0.018252976524424425,0.0020673827915782027,-0.0018009467059023525,-0.007687620285360999
4,81,-0.011477109302432347,-0.0012742772196751102,0.0058542551112932785,-0.0040902634490357385
4,82,-0.008314881891074705,0.0008769415222908499,-0.004285359353409533,-0.012342707712538595
4,83,,,,
4,84,-0.01992966160099316,0.027500869704381883,0.002337322601835878,-0.01495647457744475
4,85,-0.015587917567307886,0.0077110678384532776,-0.002238874576230702,-0.0030931275191924323
4,86,-0.02425656403552428,0.005464219976788715,-0.0074512903196343,-0.007311323946180249
4,87,-0.010764489469878062,0.001018427828445439,-0.0019616839904616126,-0.008425958236110514
4,88,-0.004505995675457748,-0.0010635202167663515,-0.003975835159466339,-0.0024056723507525665
4,89,-0.007211317705161889,-0.0004076818564465721,-0.001730408535289548,0.0009514652486356345
4,90,-0.003820079785070383,0.0076687391668670305,-0.00020699227490944943,0.0012145508526490438
4,91,-0.008501019257145637,0.0005461850157214517,0.00024044421372301114,-0.00036149395012870954
4,92,-0.0035680196391016214,0.003766746629020749,-0.0025567403361387154,0.0032029509436457583
4,93,-0.007262711866177709,0.0016607890055753858,-0.008677211425267731,0.004347055365181767
4,94,-0.006107498366381539,0.0011508598260030777,0.0003168335189036331,0.0019364030035554163
4,95,-0.0016542340855790236,-0.0020315438133170793,-0.0002739805667866033,-0.0029087811551412645
4,96,,,,
5,0,,,,
5,1,-0.025030794871392092,-0.01614020830724227,0.011095259076189077,-0.039888073105547955
5,2,,,,
5,3,,,,
5,4,-0.02098789305481219,-0.023149904774010913,-0.021347080198693826,-0.026587726474640822
5,5,-0.01715346983392773,-0.017456223242584702,0.004318190884756891,-0.028371270675428942
5,6,,,,
5,7,,,,
5,8,-0.02393386254095618,-0.01976933201611849,-0.018915643581341894,-0.01950363408628652
5,9,-0.01909416629124877,-0.017562688383149755,-0.025268987070394475,-0.025325450280657497
5,10,,,,
5,11,,,,
5,12,-0.011003854841520173,-0.00529258883887242,-0.007646931318198765,-0.005890023399150874
5,13,-0.010513808090630797,-0.009159006898417478,-0.013540427038979454,-0.010624701802729095
5,14,,,,
5,15,,,,
5,16,-0.015268017966118937,-0.0050538808937751695,-0.010524156107408249,-0.018964112993426905
5,17,-0.011564385798152391,-0.003756534674458408,-0.007278399602910376,-0.01188014841000788
5,18,,,,
5,19,,,,
5,20,-0.002113579423379581,0.002507195448601712,-0.0003084108674914705,-0.003265209592861906
5,21,-0.010193423484992277,-0.003934151670013177,-0.012343172663854957,-0.011028002811418736
5,22,,,,
5,23,,,,
5,24,,,,
5,25,-0.006626801403894487,-0.006767851920918742,-0.009145933722330914,-0.013354013076337018
5,26,,,,
5,27,,,,
5,28,-0.01602476096977339,-0.009108156599457191,0.011342813276864986,-0.02982307232943767
5,29,-0.005738489680972545,-0.006832063722420127,0.0067464638139112625,-0.024351760271161375
5,30,,,,
5,31,-0.012935274719996904,-0.014921173097489332,0.01221835334073207,-0.037617430955606775
5,32,-0.00031402283167800046,-0.006409110652167647,0.006751549402556696,-0.017951715679265602
5,33,,,,
5,34,-0.01592506952501855,-0.017296277109600862,-0.0010796339156245666,-0.02894135065806524
5,35,-0.0067533597912696345,-0.002241157012569751,0.010168275149644971,-0.020464565626255073
5,36,,,,
5,37,-0.004032896240825861,-0.000929040879353479,-0.004670050517027457,-0.012992399974234473
5,38,,,,
5,39,0.0017024811072382927,-0.0067609141479627564,-0.007357993980803852,-0.004161678724256871
5,40,-0.005465627174530592,-0.015227929372543345,-0.00040293195719802113,-0.015508958759237568
5,41,,,,
5,42,0.005052674552582927,0.005416074611276171,0.003805157381302098,0.002153441636148695
5,43,,,,
5,44,,,,
5,45,,,,
5,46,,,,
5,47,,,,
5,48,-0.0034225953970684906,-0.012747855649565694,-0.0023416286731628103,-0.0025601260612210415
5,49,-0.0002851637004573407,-0.004341728694481714,-0.004124078703265197,-0.0048621186650745
5,50,,,,
5,51,,,,
5,52,,,,
5,53,-0.006888175844958328,-0.008950275253003083,-0.013295897717870675,-0.009654275535851266
5,54,-0.008010715024967769,-0.004338436513081021,-0.012851806035642793,-0.014285614177050052
5,55,-0.010235092200409671,-0.009231098880673845,-0.012819446494210483,-0.014168941490084
5,56,,,,
5,57,,,,
5,58,,,,
5,59,,,,
5,60,,,,
5,61,-0.0015790227715668423,-0.005553352025020562,-0.015188508705163693,-0.009933694497332656
5,62,-0.009026250991883108,-0.005457326714407326,-0.01664958621770251,-0.013724382209694595
5,63,,,,
5,64,,,,
5,65,,,,
5,66,,,,
5,67,,,,
5,68,-0.005460471600539561,-0.006127572014577458,-0.003280364279042433,-0.0058550214876001245
5,69,,,,
5,70,,,,
5,71,,,,
5,72,,,,
5,73,,,,
5,74,,,,
5,75,,,,
5,76,,,,
5,77,,,,
5,78,,,,
5,79,,,,
5,80,,,,
5,81,,,,
5,82,,,,
5,83,,,,
5,84,0.11789617811735835,0.11597892669558763,0.10129518530733475,0.12852591992212103
5,85,-0.006907853490748141,-0.010795574337888827,-0.009213651688888031,-0.014088022508980396
5,86,0.0016325488618760995,-0.013007890848907811,-0.008057179881988915,-0.017356422971535584
5,87,-0.01796290902679435,-0.019956476729673496,-0.005641348271963063,-0.031369987592722526
5,88,,,,
5,89,,,,
5,90,,,,
5,91,,,,
5,92,,,,
5,93,,,,
5,94,,,,
5,95,,,,
5,96,,,,
6,0,-0.05711140108277698,-0.03654539527873305,-0.026681360300771804,-0.050402312643231716
6,1,-0.03871680607959881,-0.032601659983092994,-0.06057796760526347,-0.038171532356049226
6,2,-0.02315974296194822,-0.019245507267302564,-0.01550430015403667,-0.013490105198457518
6,3,-0.004416656581681071,-0.00013012957905827774,-0.0026145542508525703,0.006407401526612342
6,4,0.004452790286552337,0.007006546505852999,-0.004570343410049525,0.017616562747862285
6,5,0.0031929019245436796,-0.0005538107816304288,-0.011870794505295471,0.012406859284461245
6,6,0.025454765177720756,0.023775564939401462,0.015355071392418162,0.02364528188782723
6,7,0.00845103669479728,0.007650239969533288,0.004994053280897106,-0.004651190337179711
6,8,0.020213716898221972,0.007727161781480362,-0.0016964886215743323,0.023654220366929275
6,9,0.016032756749530468,0.010882048126498962,0.009281181180434942,0.012795452420445897
6,10,0.0038829598891522835,0.009388090464902766,0.0025841934575201956,0.005827428060334933
6,11,0.019244469786843518,0.01208279824870832,0.0022464179294745096,0.013245936538429131
6,12,-0.008964591063524669,-0.015087943757408137,-0.015638731115044126,0.012714356008960582
6,13,-0.009290373686205906,-0.005854472820252892,-0.012271843345617489,-0.0003436726057651257
6,14,0.015095665338872372,0.002444442259152502,0.003987688130288909,0.0077828380387235324
6,15,0.029165248657915862,0.014490254353070024,0.00838486953517279,0.013681845277699976
6,16,0.008344807426897353,0.001094538716496879,0.0018766592193383983,0.006241233034249285
6,17,0.0012193990745373643,-0.006220279069415448,-0.004776281067777124,0.0012624013615215011
6,18,0.014668752192330698,0.0032185150002598134,0.00037927443942442667,0.012539704957515364
6,19,0.021059139742666825,0.006418131029844811,0.010720915019605698,0.015142554367573769
6,20,0.014179174649115805,0.006823944722514311,0.008800823563374558,0.010044187224786867
6,21,0.02314408188281888,0.008753199468831815,0.006402355630792741,0.008882158913071092
6,22,0.0007173140370758154,0.001295077575887889,-0.014112032752520307,0.0004072683401936762
6,23,-0.017135754930095996,-0.008546910871716966,-0.01666070616112595,-0.01989153492428823
6,24,0.0012352404323753004,-0.00014881850113952378,0.0014190708832044522,-0.0024446064396233566
6,25,0.023685641788923923,0.001901757196407664,0.0014922647723264475,0.007931746951161469
6,26,-0.05216948771635548,-0.04724524636926766,-0.021933072091531447,-0.06173065620267751
6,27,-0.019648051049493544,-0.03455714868243321,-0.015465972304507797,-0.02430506934296588
6,28,-0.015421807917663392,-0.0409015623257645,-0.04438900937346159,-0.03622995395088307
6,29,-0.0005937935211008683,-0.04720570766917839,-0.03108116176357623,-0.027932486333535764
6,30,,,,
6,31,0.007016377843088207,-0.009992383522469941,-0.016393028295302346,0.006366684479437336
6,32,0.028541402964315628,0.011674965321367275,0.009850506416082323,0.008132825041940921
6,33,0.01680863499867787,0.011758539336097315,0.013791991257896522,0.021298611246168598
6,34,0.029935581944332844,0.026503968002338424,0.017730392663953806,0.0360760381548667
6,35,0.015126877388234499,0.017755583204683918,0.0075756409479127195,0.019922744732730324
6,36,0.02041189660963337,0.017522174179131766,0.006342671398973834,0.018161256888218628
6,37,0.05031185553922679,0.07360880603215647,0.04413702368401385,0.0624042336076886
6,38,,,,
6,39,,,,
6,40,,,,
6,41,,,,
6,42,,,,
6,43,0.003009522554692535,0.005816124847204875,0.004353281331804141,-0.0006064873175691769
6,44,,,,
6,45,,,,
6,46,,,,
6,47,0.013536774118244015,-0.008269414376586523,0.007942415314847535,0.007829486613891684
6,48,-0.008901310634467276,-0.008715136340223304,0.0022188627258369763,0.00842122751714561
6,49,0.010010043404443876,0.0016825630372263166,0.008145475460497672,0.009038057270185914
6,50,0.005494876363889413,0.008505205396621283,0.011541533122020504,0.011952020525213708
6,51,0.0033924403358940635,0.002131232834313907,0.005006725374793688,0.011612223122726683
6,52,,,,
6,53,,,,
6,54,0.025408834117450062,0.010097218748311602,0.0082451025831296,0.012770020490617104
6,55,0.004405249649856243,-0.010497072832553455,-0.011714733572585286,0.011995340162024016
6,56,,,,
6,57,0.012298157263564737,-0.0024849013782534415,-0.0027490316874053187,0.0045754235443381435
6,58,0.00036143453448789204,-0.004576699181020827,-0.003936753903402612,-0.00136672508379882
6,59,0.013096320917936789,0.003526092244286486,0.002670945137760594,0.001058868039790291
6,60,,,,
6,61,,,,
6,62,,,,
6,63,,,,
6,64,,,,
6,65,0.004068156208092074,0.0022465585640019264,0.006256125175671397,0.0027509805570299114
6,66,0.011591313521236999,0.00250899712563241,0.008062885810934164,0.006446321538539502
6,67,0.014351530556153467,0.006797803991624641,-0.00048437002656334774,0.0053842178266474165
6,68,,,,
6,69,,,,
6,70,0.04386954918690405,0.03335396880561927,0.02989517785415485,0.01940206585308967
6,71,,,,
6,72,,,,
6,73,,,,
6,74,,,,
6,75,,,,
6,76,-0.031221455252287658,-0.03058603963316441,-0.013653389014320382,-0.047023895547882416
6,77,-0.02597072032766438,-0.028824805004881115,-0.008432107761719584,-0.0276290701641367
6,78,0.007648730288715767,-0.015240624246658578,-0.00727452534281574,-0.0010268175187868871
6,79,0.028578748634416673,0.013835125789553083,0.014435141956023578,0.013452246065677182
6,80,0.033429626149496065,0.017810113843689333,0.014429167624891364,0.021495072798707188
6,81,0.008771834936988685,0.0004875248764679486,0.0013817497680430153,-0.005727406227212239
6,82,,,,
6,83,,,,
6,84,0.02152085663598386,0.015850222287415176,0.0006853218826863721,0.021778998702727564
6,85,0.04451217220445,0.046829915773938344,0.03197884284206898,0.03929141572642304
6,86,0.013282359119585505,-2.9804067930475753e-05,0.0019913681780670033,0.025798775643757394
6,87,0.019434346989560314,0.01107029039578032,0.0063295090174482135,0.01734996798660277
6,88,0.012399349201401845,0.00754498683599906,0.0012463421891383078,0.007607472652696038
6,89,,,,
6,90,0.017567360923829916,-0.013520889985669277,0.0007612628597427535,-0.0011179847653817127
6,91,0.018232433840055285,0.003816680774390383,0.00840338914716838,0.003821243204608368
6,92,0.029473970361311563,-0.007873522336842428,-0.00362919032185379,-0.002418073205808234
6,93,0.02320602225024326,-0.020760653979267598,-0.014917203601909398,-0.005772070847645036
6,94,,,,
6,95,0.012744732311503002,-0.0016032126433553288,-0.008598139127277766,0.00030283616199142593
6,96,0.013894469658409838,0.01736855498824533,0.008940372833496732,0.009225983843815152
7,0,0.01147014579051096,0.004117433744826983,-0.010940329571391325,0.034395986830389746
7,1,0.008531746747466222,0.020453502788955275,-0.010886209259433267,0.007792378101853972
7,2,0.029689119867387568,0.00621848312692379,-0.0291083880916473,0.005883659189380718
7,3,0.018126819577361706,-0.009158791029090778,0.0028234228773522446,-0.00017593304022122636
7,4,0.008212651885231978,0.0009258553586122212,-0.0054571016099512395,0.00044586247844393204
7,5,0.009641994240422063,0.005309340464303513,0.004033838459106249,-0.007372730094358714
7,6,0.011791597764976897,0.00914857718659935,0.013068209466767075,0.006364273075891127
7,7,0.007819906018944427,0.011290090369048577,0.011252764003135329,0.0027064082042729093
7,8,0.017502053805388006,-0.005785330278346149,-0.0022868557646941365,-0.0015863509522929511
7,9,0.01362384620522188,0.0025039699690149893,0.010670485475346242,0.004413454944423332
7,10,0.0011122289777494385,-0.000916216203267825,-0.0021490415766490015,0.0008357659451555099
7,11,0.0034428632318254534,0.003694929678639833,-0.0015165325504017967,-0.0008263587992012105
7,12,-0.000983561347228779,-0.0009274717143564504,0.0036375751718714087,-0.00199144057724205
7,13,0.005987572633419962,0.0011564426690284628,-0.006093891149385549,-0.003814765699974155
7,14,0.004779369467189368,0.0041219217141764495,-0.00024305865383389646,0.00441296582329758
7,15,0.0026036550830259167,0.0018627484934201474,-0.00498317796007319,0.001092313074504106
7,16,-0.0009342998683891117,0.004585976703929118,0.005135998334894227,0.003685718928116403
7,17,-0.0008569614820045247,0.0010693522633394741,0.006116048594011782,0.0080820443310284
7,18,0.0029176084382748738,0.005777995478108886,0.0035442873570326362,0.004998817583612271
7,19,0.01409628122037558,0.008735793363578341,0.015570812514878057,0.012621313288293577
7,20,0.0006453061878519588,0.003054828928807244,0.00552343970220066,0.002481331167816526
7,21,0.0061044733019745565,0.0005272283061402082,0.0005037088479271479,0.0015861220927494897
7,22,0.01123085981963831,0.007440081821254029,0.0037157771416094715,0.006525329532744853
7,23,0.007127782687435093,0.005800629270748046,-0.02555518600631123,-0.0034352655774384597
7,24,0.007952470543021563,-0.0017306490777933064,-0.003380643871791018,-0.003102420267279894
7,25,0.005064729240954415,-0.002707538596202081,-0.00099610691989089,0.0008248089577006812
7,26,0.029387961410729982,-0.004941546135542428,-0.044081809561623365,0.010403097337719115
7,27,0.02110357282729374,0.00616044816064513,-0.02858468451043465,0.00363982808182552
7,28,0.006697193577135112,0.010584385855104399,-0.02582015664087445,-0.002367613333903476
7,29,4.7747632097205966e-05,0.007362330849996045,-0.0051602870461000625,-0.006238099429332145
7,30,,,,
7,31,-0.0013638332440735427,0.02357417145151547,-0.0001490788466530938,0.0021603987406804957
7,32,0.0034313436824954854,-0.0010710212599096853,0.004150822783889489,0.008601621871136356
7,33,,,,
7,34,0.0018427742986674306,0.0010247568701613836,0.002255757558097631,0.001898917772239681
7,35,0.008978455562602334,-0.0008199908145524407,0.01001096394595431,0.008843762423617427
7,36,-0.0015550469522669118,-0.003662190393206283,0.00173609982705551,0.0005727835138426463
7,37,0.0023884694682857407,0.00550270189361965,0.01960317161982305,0.0035589571111256163
7,38,,,,
7,39,0.004359425987664211,-0.0006646064132972982,0.012876307868013548,-0.002182416707883764
7,40,0.005102964401466927,-0.0065034486885215265,0.005869094773941704,-0.004784781991693017
7,41,,,,
7,42,0.0033598782821267093,-0.0006327561759401504,0.00943186123966153,0.002748941900564954
7,43,-0.0354214809061663,-0.012838606839421568,0.026693707365699357,-0.026672396051751902
7,44,-0.003994801809062577,-0.008507721923655866,0.008502211681529311,-0.005809005392211277
7,45,,,,
7,46,,,,
7,47,-0.007625383069038989,0.008363301900006337,0.015047312308384173,0.005003836982030691
7,48,-0.0021794177761240885,-0.00460893205833075,0.007756939828713524,-0.004149223014274304
7,49,-0.0008167056834551054,-0.001755551807226086,0.017370310557039654,-0.0059658717492880615
7,50,-0.0048517265986225975,-0.004788987181250228,0.017526335387284014,-0.0029915066399269015
7,51,-0.008621448147050592,-0.014102561715752101,0.017586073158265825,-0.0127366492597524
7,52,,,,
7,53,-0.005732031945907822,-0.004262399496129784,0.017388563978336113,-0.0016081326385175862
7,54,-0.01159475903479102,-0.0030239600950631154,-0.0027348316579970623,-0.0068925344621540196
7,55,0.001796855837918428,0.014553243852858807,0.028470951091810668,0.007359999238659884
7,56,,,,
7,57,-0.004553764440442749,0.0005935841801911127,0.010256610189084973,-0.005139880321037342
7,58,-0.06526971622303529,-0.05244463550766186,-0.17630872774420692,-0.017484671318655696
7,59,-0.005216599734734282,-0.0013907476302147702,0.01259492312810799,-0.0013108833357408807
7,60,-0.006590746507322756,-0.007098457326219874,0.0013589381644761723,-0.005670527455177383
7,61,-0.005954110543734766,-0.003161611640968814,-0.019997218086339093,-0.00757475629105696
7,62,0.00102584923017572,-0.0014243633763563735,0.014867445569018286,-0.0014997067467649402
7,63,,,,
7,64,-0.00912771025339814,-0.0021603033299232442,0.012641817953499921,-0.006507852708377947
7,65,-0.006783899189827735,-0.035123711528391194,-0.05422455047161931,-0.014144845261021128
7,66,0.0021559102075789293,-0.0012189835139523044,0.01320688600009777,-0.0011664235727100803
7,67,,,,
7,68,,,,
7,69,,,,
7,70,,,,
7,71,,,,
7,72,0.006869887886128043,0.006559241397511065,0.0013833481093538389,0.0030730903442750947
7,73,,,,
7,74,,,,
7,75,0.01051891273507728,-0.0020354908331308968,0.0037422350408744154,0.00822593407764321
7,76,0.022573331787683667,0.0036769084613551347,-0.0101390608619831,0.012967558614133857
7,77,0.021561152395691483,0.005233694271275589,0.006264213983642259,0.006088693860497926
7,78,,,,
7,79,-0.0007448537316834677,0.011412699938192274,0.007448018364432146,0.0025566732804348023
7,80,,,,
7,81,0.013205783737181155,0.002700436048203083,0.00951443041617338,0.0038123146671118617
7,82,0.009033596598361742,-0.0029695818778414556,0.019959331769487762,0.009132662997767866
7,83,0.011773725015203912,-0.004460127037877774,0.0005437625108074652,0.0011376139925745145
7,84,,,,
7,85,0.004901348372481309,-0.007322006362805901,0.008740182878713825,0.003079778117850135
7,86,0.004250325380730565,-0.007385213605954234,0.012446736524322715,0.005657225920355894
7,87,0.0037485160525725495,-0.0009724927381693204,0.01523687900824269,0.0011588058651156447
7,88,0.009981718158665468,0.0004146351827517912,0.013137732590504164,0.0018000932398368012
7,89,0.006748554226813642,-0.0017693094421915355,0.007787021115660313,0.0018902517176514924
7,90,0.005576775765042516,0.0025759026929688157,0.010768291088147882,0.0001378061693934528
7,91,-0.002744324954802497,-0.003716299489308739,0.0026100854167064084,-0.0025577689832251313
7,92,0.0008651705474025291,-0.00037911723019033706,0.01063835664080278,-0.001557427037503845
7,93,0.0041111619515064035,-0.004842018705100732,0.01640031000754664,0.0006858166664922397
7,94,,,,
7,95,0.0033924462699124157,-0.0096215793971299,0.011418370506753645,-0.0010011910063011508
7,96,0.004695022426073648,-0.015229525156266409,0.0021485580701318106,0.0020097567966996335
8,0,-0.022404122937252618,-0.008003569011964735,-0.01904874935334938,0.003447513077945104
8,1,-0.01897484647838681,0.006442660066712518,-0.01374413554544938,0.01023582643492102
8,2,-0.0052950094955422616,-0.003641378152665979,-0.016583726743711908,0.0013251004339561775
8,3,-0.02034973432957626,0.009280956203990361,0.0046677015343489885,0.008810291910648324
8,4,0.0021691104065720266,0.0005421096662009519,-0.0029266353292388015,0.0015007117882036354
8,5,-0.020730554997073027,-0.01660820920291571,-0.008042240658439453,-0.003285165424042335
8,6,0.001225182605519149,0.006416168178295753,0.00222954648548465,0.006624310098611049
8,7,-0.006835978653568045,0.013524980558490296,0.012326005493174603,0.00757674380864112
8,8,0.007701008869372685,0.019020703479905563,0.023771731856983242,0.02664282172443287
8,9,0.006702346581737923,-0.005529847774462118,0.0036477291103500127,0.016751882434966888
8,10,0.00527310020705395,0.013607111918496069,0.01089120889068976,0.01049071014963289
8,11,-0.004041075124892437,-0.001603634154809762,0.0073665901291300635,0.01032556025675491
8,12,0.005469136440506698,0.013545593295158751,0.003157141157916683,0.010216378251181489
8,13,0.004315049273365987,0.006285007580467315,0.0012529595007635206,0.01208676825554897
8,14,-0.0026358414019152132,0.020539886459763,0.014734424334128818,-0.004973202169632634
8,15,0.002601335626738992,-0.006730861551359167,0.010849167180967453,0.003579024408122754
8,16,-0.005115072667163937,-0.002577652517254518,-0.005155564813541255,0.004563909688970995
8,17,0.0003087012946702834,0.0010220628085305123,0.014707973493858262,0.016137609798290525
8,18,,,,
8,19,-0.017967586575411785,0.0017893977170450744,-0.012684357790951407,0.014035176287534031
8,20,-0.0026597113602646635,0.002010074773885355,0.012524805460406263,0.006814241142589706
8,21,-0.013890092211427061,-0.007153494043532076,0.007800462542910062,-9.596942746787593e-05
8,22,-0.03171998786388569,-0.015349753310962187,-0.021204315368922907,-0.013614460466901127
8,23,-0.052375965021345776,-0.05441941914186401,-0.07853914065150323,-0.023652428884250065
8,24,-0.03043213919403924,-0.05448682824908194,-0.07117274492228458,0.0013933311814531527
8,25,0.005459130598957861,0.019311924806825146,0.04728752702197035,0.05294517749468548
8,26,-0.0814040769126906,-0.06737970329640708,-0.09607108304713739,-0.0006228785975865375
8,27,-0.040538878253363414,0.09560105166115071,0.0563162965172635,0.08757263295874408
8,28,-0.0046242906588442306,-0.0108411342983416,0.0014051603498193748,0.009384939045327707
8,29,-0.010777966841802232,0.005618587176077288,-0.024719101088350168,0.006064811608855621
8,30,,,,
8,31,-0.009701346675321472,-0.00649959587346437,-0.011690948379963591,0.01797457518671835
8,32,-0.019673717646810415,-0.012956083023618774,-0.03887678209600335,-0.008300581006862222
8,33,,,,
8,34,,,,
8,35,-0.01701090337508108,-0.022023321330809805,-0.023014270103877105,0.0056325016160355505
8,36,-0.021475147679031453,-0.01638178620532215,-0.029197081341268784,-0.010794786549497074
8,37,-0.014496890572494852,-0.010067471474007309,-0.012445988034073735,-0.0013549464358199026
8,38,,,,
8,39,,,,
8,40,,,,
8,41,-0.016857318596295287,0.0051460481818511716,-0.0037109956014833036,0.0032138685439326844
8,42,0.0017646539754739283,0.003431463668838085,-0.0008384402878921014,-0.0020769353448324753
8,43,0.009525677705668823,0.009243576778292328,-0.0009134696648036196,0.005576586514898245
8,44,,,,
8,45,,,,
8,46,,,,
8,47,0.0018852232944187028,0.002996959850782409,0.005332234497754248,0.013853450193958205
8,48,,,,
8,49,0.0019202683390813437,0.002502789924696153,0.007949140631745523,0.009532476097999749
8,50,0.004430402741432435,-0.004299507177027109,0.00048310831291966625,0.007847887327727524
8,51,0.013686088070766671,-0.013011505370863735,-0.010024511760603478,0.004847923323653668
8,52,,,,
8,53,,,,
8,54,0.00498201340911039,-6.056295021925171e-06,0.010255760513139594,0.016301744388659337
8,55,,,,
8,56,,,,
8,57,0.005923123243883604,0.0006816512175986407,0.005908612448593019,0.02044989608368903
8,58,0.01064537352918861,0.013742792963096872,0.022793522807623295,0.025212411494654065
8,59,0.009201878564935855,0.0023502816772283715,0.011863172199095637,0.010169973396637652
8,60,0.021282162002880925,0.004579076414123438,0.021459306182639623,0.022466479970942227
8,61,0.015283506438535219,0.01579372443871908,0.009091599142069315,0.02273760496433445
8,62,,,,
8,63,0.00412377833993611,0.0022236142309421288,-0.0037005373092948803,0.020027546138526506
8,64,,,,
8,65,0.010234411226087696,0.008857900922453034,0.014116979127183257,0.015128606403955223
8,66,-0.013838687133160636,0.0013567833928758786,-0.02282264990255647,0.045684344474901724
8,67,0.035976306583331286,0.0685287270133928,0.030891319147578634,0.01986675647257531
8,68,,,,
8,69,0.024754679052454303,0.01867968217147679,0.028137514168038554,0.020954576223334756
8,70,,,,
8,71,-0.043576212089570084,0.07288085586017802,-0.07442850062468181,0.026297467602800016
8,72,0.020041684577997564,0.027147144217407198,0.012827198974415135,0.020718019245798344
8,73,0.007158237924608685,-0.006524071619114069,-0.01494955441797392,0.0325984444040291
8,74,-0.002798179062242572,-0.011727132334030733,-0.030004545107411542,0.05883896970073657
8,75,-0.027287204715400498,-0.013630955038185653,-0.05103061669614711,0.05780832083193045
8,76,0.005047201827093646,-0.015009918731072682,-0.0056250254336286075,0.012076608781356354
8,77,-0.04455700646804405,0.023962335954225113,-0.0292016073994555,0.009329354631857351
8,78,,,,
8,79,-0.025142870347018443,0.009076499741153696,-0.014250887529248394,0.03955800267923447
8,80,0.0250518861799855,0.008385207744566038,0.02094743129367279,0.01615031732797381
8,81,-0.0006743333077256403,-0.0040816411115260675,-0.022063251654114605,0.035417443933213284
8,82,,,,
8,83,-0.01130819072804778,0.009105796458866916,-0.0022168459375810448,0.0014347488850734592
8,84,-2.960832189327904e-05,0.015076287632199587,0.0009186035066855395,0.025585451223610254
8,85,0.00916489152958104,0.027144041095958724,0.027139384622457265,0.03512545331627837
8,86,0.00921503772178551,0.007486994953073431,-0.004531119255829643,0.005834856781187706
8,87,0.008010803153446473,0.0013209924690971019,-0.014190152433389435,0.004932860297744231
8,88,0.004430309587684607,0.0016127252828474128,0.00025091974356935605,0.00702012710849111
8,89,-0.004928439274645757,0.001537959305091231,0.011928912704710066,0.013718852001040793
8,90,-0.0059059895957512465,-0.008995242426738586,-0.000469905481471178,0.00792170846678665
8,91,-0.020354013796311025,0.006048940698880154,0.01442189410975067,-0.00364542851056861
8,92,0.04776979916218187,0.01946308815905127,0.02585369341556481,0.06989905383866162
8,93,-0.005228215536108067,0.012228964297046717,0.01473967965079112,0.010470554379785044
8,94,-0.009668158836227824,-0.00823328551557601,-0.009818277707646152,0.020444780073477376
8,95,,,,
8,96,,,,
